endpoints,total_requests,avg_response_time
/cart,16583,275.7915334981608
/products,16684,273.5463318149125
/login,16711,273.9839626593262
/checkout,16692,276.7355020369039
/orders,16766,274.03829178098533
/profile,16564,275.9278555904371
